{
  "name": "Vaadin Text Field",
  "pages": [
    {
      "name": "Basics",
      "url": "text-field-basic-demos",
      "src": "text-field-basic-demos.html",
      "meta": {
        "title": "Vaadin Text Field Basic Examples",
        "description": "",
        "image": ""
      }
    },
    {
      "name": "Prefix and Suffix",
      "url": "text-field-prefix-suffix-demos",
      "src": "text-field-prefix-suffix-demos.html",
      "meta": {
        "title": "Vaadin Text Field Prefix and Suffix Examples",
        "description": "",
        "image": ""
      }
    },
    {
      "name": "Validation",
      "url": "text-field-validators-demos",
      "src": "text-field-validators-demos.html",
      "meta": {
        "title": "Vaadin Text Field Validation Examples",
        "description": "",
        "image": ""
      }
    },
    {
      "name": "RTL",
      "url": "text-field-rtl-demos",
      "src": "text-field-rtl-demos.html",
      "meta": {
        "title": "Vaadin Text Field RTL Examples",
        "description": "",
        "image": ""
      }
    },
    {
      "name": "Password Field",
      "url": "text-field-password-demos",
      "src": "text-field-password-demos.html",
      "meta": {
        "title": "Vaadin Password Field Examples",
        "description": "",
        "image": ""
      }
    },
    {
      "name": "Text Area",
      "url": "text-area-demos",
      "src": "text-area-demos.html",
      "meta": {
        "title": "Vaadin Text Area Examples",
        "description": "",
        "image": ""
      }
    },
    {
      "name": "Styling",
      "url": "text-field-styling-demos",
      "src": "text-field-styling-demos.html",
      "meta": {
        "title": "Vaadin Text Field Styling Examples",
        "description": "",
        "image": ""
      }
    },
    {
      "name": "Lumo Theme",
      "url": "text-field-lumo-theme-demos",
      "src": "text-field-lumo-theme-demos.html",
      "meta": {
        "title": "Vaadin Text Field Lumo Theme Variations",
        "description": "",
        "image": ""
      }
    }
  ]
}
